How did serfdom develop in and then leave Russia ?	1
What films featured the character Popeye Doyle ?	2
How can I find a list of celebrities ' real names ?	1
What fowl grabs the spotlight after the Chinese Year of the Monkey ?	2
What is the full form of .com ?	2
What contemptible scoundrel stole the cork from my lunch ?	2
What team did baseball 's St. Louis Browns become ?	2
What is the oldest profession ?	2
What are liver enzymes ?	1
Name the scar-faced bounty hunter of The Old West .	2
When was Ozzy Osbourne born ?	4
Why do heavier objects travel downhill faster ?	1
Who was The Pride of the Yankees ?	2
Who killed Gandhi ?	2
What is considered the costliest disaster the insurance industry has ever faced ?	2
What sprawling U.S. state boasts the most airports ?	3
What did the only repealed amendment to the U.S. Constitution deal with ?	1
How many Jews were executed in concentration camps during WWII ?	4
What is `` Nine Inch Nails '' ?	1
What is an annotated bibliography ?	1
What is the date of Boxing Day ?	4
What articles of clothing are tokens in Monopoly ?	2
Name 11 famous martyrs .	2
What 's the Olympic motto ?	1
What is the origin of the name ` Scarlett ' ?	1
What 's the second-most-used vowel in English ?	2
Who was the inventor of silly putty ?	2
What is the highest waterfall in the United States ?	3
Name a golf course in Myrtle Beach .	2
Which two states enclose Chesapeake Bay ?	3
What does the abbreviation AIDS stand for ?	2
What does a spermologer collect ?	2
How many points make up a perfect fivepin bowling score ?	4
Which company that manufactures video-game hardware sells the `` super system '' ?	2
How many Community Chest cards are there in Monopoly ?	4
What do Mormons believe ?	1
When did the neanderthal man live ?	4
In what religion was Isis the nature goddess ?	2
Where do the adventures of `` The Swiss Family Robinson '' take place ?	3
What relative of the racoon is sometimes known as the cat-bear ?	2
How can I register my website in Yahoo for free ?	1
What was cash-conscious Colonel Edwin L. Drake the first to drill ?	2
How many people in the world speak French ?	4
How many inches over six feet is the Venus de Milo ?	4
How do they find or choose witnesses to an execution ?	1
What 1920s cowboy star rode Tony the Wonder Horse ?	2
What cocktail inspired John Doxat to write the book Stirred-Not Shaken ?	2
What ISPs exist in the Caribbean ?	2
How do you ask a total stranger out on a date ?	1
What weapon is the mythological character Apollo most proficient with ?	2
What country do the Galapagos Islands belong to ?	3
What is ethology ?	1
Who was the prophet of the Muslim people ?	2
Where did the term `` 86ed '' come from ?	1
Who is Snoopy 's arch-enemy ?	2
What is the nature of learning ?	1
What 's the only color Johnny Cash wears on stage ?	2
What 's the term for a young fox ?	2
What U.S. state lived under six flags ?	3
What is the Kashmir issue ?	1
Where is the Loop ?	3
What does `` extended definition '' mean and how would one write a paper on it ?	1
What country 's capital is Tirana ?	3
What is titanium ?	1
Who do Herb and Tootsie live next door to ?	2
Which city has the oldest relationship as a sisterï¿½city with Los Angeles ?	3
What is a caldera ?	1
Why do people get calluses ?	1
What are the names of the tourist attractions in Reims ?	3
What are Cushman and Wakefield known for ?	1
What body of water does the Danube River flow into ?	3
Who is the founder of Scientology ?	2
What does the six-footed Musca domestica become when it enters a house ?	2
What is the history of skateboarding ?	1
Who starred in Singing in the Rain and The Singing Nun ?	2
How do I make fuel bricks from recycled newspaper ?	1
What 19th-century painter died in the Marquesas Islands ?	2
The corpus callosum is in what part of the body ?	2
How do I log on to home page at Headquarters U.S. European Command ?	1
What country did the Nazis occupy for 1 , CD NNS IN NNP NNP NNP .	3
What is Nebraska 's most valuable resource ?	2
How many species of the Great White shark are there ?	4
What is the origin of head lice ?	1
What is the nickname for the state of Mississippi ?	3
What was the first domesticated bird ?	2
How many villi are found in the small intestine ?	4
What country did King Wenceslas rule ?	3
What is a fear of shadows ?	2
Who were the five Marx brothers ?	2
In which year was New Zealand excluded from the ANZUS alliance ?	4
When did CNN begin broadcasting ?	4
What causes the body to shiver in cold temperatures ?	1
What are bear and bull markets ?	1
What J.R.R. Tolkien book features Bilbo Baggins as the central character ?	2
What is `` dew point '' ?	1
What is the meaning of Jesus ?	1
What company 's logo is a `` W '' in a circle ?	2
What is the definition of a cascade ?	1
When did Rococo painting and architecture flourish ?	4
What country 's national passenger rail system is called Via ?	3
Who invented Make-up ?	2
What is the origin of the word `` attic '' ?	1
What did Delilah do to Samson 's hair ?	1
What kind of animals were in the Paleozoic era ?	2
Which of the following was Rhodes Scholar ?	2
Who comprised the now-defunct comic book team known as the Champions ?	2
How do you make a paintball ?	1
What U.S. state is Fort Knox in ?	3
What is a female rabbit called ?	2
Where is the highest point in Japan ?	3
Where do chihuahuas come from ?	1
Where does Barney Rubble go to work after he drops Fred off in the `` Flintstones '' cartoon series ?	3
What are the world 's four oceans ?	3
What 's the only work by Michelangelo that bears his signature ?	2
What is the largest snake in the world ?	2
In what medium is Stuart Hamblen considered to be the first singing cowboy ?	2
Where on the Internet can I find a song lyrics database similar to the International Lyrics Server ?	3
How much money does a back injury lawsuit get ?	4
What 's the common name for acetylsalicylic acid ?	2
What does the Georgetown `` Hoya '' mean ?	1
Where can I find a list of `` classic '' books 5th and 6th graders should read ?	3
Which two products use a tiger as their symbol ?	2
How is the election of a new Pope announced to the world ?	1
How long does it take for your blood to make one complete trip through the body ?	4
How do chickens have baby chicks ?	1
What is the historical relationship of Catholic Church and bingo ?	1
How was the element calcium named ?	1
What crooner joined The Andrews Sisters for Pistol Packin Mama ?	2
What piano company claims its product is the `` Instrument of the immortals '' ?	2
When did the Bounty mutiny take place ?	4
What novel inspired the movie BladeRunner ?	2
What is a transistor ?	1
What is a film starring Jude Law ?	2
What Hollywood dog died in the arms of Jean Harlow in 1932 ?	2
What are the most common elements in the Earth 's crust ?	2
How much would it cost to purchase a 2-foot-square party tent , with sides , ?	4
What actress has received the most Oscar nominations ?	2
What are equity securities ?	1
What is gymnophobia ?	1
How many years do fossils take to form ?	4
Where is the Orinoco ?	3
What was the name of the `` Little Rascals '' dog ?	2
What city boasts Penn 's Landing , on the banks of the Delaware river ?	3
What Broadway musical was inspired by Cervantes 's Don Quixote ?	2
What is the origin of the word , JJ .	1
How many hostages were killed in the Entebbe raid ?	4
How you can raise your IQ ?	1
What does INRI stand for when used on Jesus ' cross ?	2
Who produces Spumante ?	2
Who earns their money the hard way ?	2
Who founded the People 's Temple Commune ?	2
What athlete makes the most money from sports merchandise sales ?	2
How many bends are there in a standard paper clip ?	4
Who discovered electricity ?	2
What part of your body contains the corpus callosum ?	2
Who was the first American in space ?	2
What two South American countries do n't border Brazil ?	3
What album put The Beatles on the cover of Time in 1967 ?	2
What poem contains the line , `` grow old with me the best is yet to be '' .	2
What is a dental root canal ?	1
What war did the Wanna-Go-Home Riots occur after ?	2
What is the busiest air travel season ?	4
What 's the colored part of the eye called ?	2
What are hook worms ?	1
Where is the Rose Bowl played ?	3
Which Japanese car maker had its biggest percentage of sale in the domestic market ?	2
Who is the mayor of Marbella ?	2
What sun-blasted , 14-mile wide valley is just north of the Mojave desert ?	3
In what year did Thatcher become prime minister ?	4
How many months does it take the moon to revolve around the Earth ?	4
Where are the 49 steps ?	3
In what year was De Gaulle elected president of France ?	4
Who sings the themes for `` Dawson 's Creek '' and `` Felicity '' ?	2
Who directed `` Jaws '' ?	2
On what T.V. show could Tom Terrific be found ?	2
What Indian tribe is F Troop perpetually doing battle with ?	2
Where did Indian Pudding come from ?	1
Why do some clothing labels say `` Use a nonchlorine bleach '' ?	1
How many colonies were involved in the American Revolution ?	4
What is the name of the city that Maurizio Pellegrin lives in ?	3
Where can I find pictorial directions on how to build a very simple treehouse ?	3
What game 's board shows the territories of Irkutsk , Yakutsk and Kamchatka ?	2
What is the name of the managing director of Apricot Computer ?	2
What is the occupation of Nicholas Cage ?	2
Why do horseshoes bring luck ?	1
What is the 401 , K , plan ?	1
What causes pneumonia ?	1
What are the three winter months in the southern hemisphere ?	4
What does gringo mean ?	1
What country contains Africa 's northernmost point ?	3
What therapy attempts to elicit the `` primal scream '' ?	2
Where is the Kalahari desert ?	3
Which Ventura County police department seized the largest cocaine shipment in it 's history ?	2
What city is sometimes called Gotham ?	3
What dangles over the tongue from the palate ?	2
Who created Dennis the Menace ?	2
What dummy received an honorary degree from Northwestern University ?	2
When was the first Wall Street Journal published ?	4
What countries have the largest areas of forest ?	3
How do I start a web based business ?	1
Name Alvin 's brothers	2
What is Eagle 's syndrome styloid process ?	1
How did Jayne Mansfield die ?	1
When did the royal wedding of Prince Andrew and Fergie take place ?	4
What actor said in A Day at the Races : `` Either he 's dead or my watch has stopped '' ?	2
What explorer was nicknamed Iberia 's Pilot ?	2
CNN began broadcasting in what year ?	4
What is a ball that hits the foul pole called ?	2
What makes hamburgers taste like steakburgers ?	1
Which company created the Internet browser Mosaic ?	2
What are the rites accompanying the circumcision of a newly born-child in Judaism called ?	2
What was the education system in the 1960 's ?	2
What South American city has the world 's highest commercial landing field ?	3
How can I find out which cities have cable-modem access ?	1
What is Betsy Ross famous for ?	1
How many species of sharks are there ?	4
What is `` snoogans '' ?	1
How many people are there in the world ?	4
What shrubs can be planted that will be safe from deer ?	2
What organization 's offices were broken into at Watergate in 1972 ?	2
What is the design of the ship Titanic ?	1
What does S.O.S. stand for ?	2
Name a technique widely used to detect birth defects ?	2
What is the daily requirement of folic acid for an expectant mother ?	1
What is the `` 7-minute cigarette '' ?	1
What four forms does gold occur in ?	2
What is the acreage of the Chappellet vineyard ?	4
How do you correctly say the word ` qigong ' ?	1
When did beethoven die ?	4
How much does a new railroad coal car cost ?	4
What two European countries entered the War of American Independence against the British ?	3
What is the filmmakers collabrative ?	1
What Russian composer 's Prelude in C Sharp Minor brought him fame and fortune ?	2
What caused Harry Houdini 's death ?	1
Who was the mother of the man who would not be king , the duke of Windsor ?	2
How many revolutions does a standard LP make in three minutes ?	4
What is the name of the tallest mountain in the world ?	3
Where can I find a review of Nightmare on Elm Street in a film journal ?	3
What 's the slowest Olympic swimming stroke ?	2
What was the name of the first Russian astronaut to do a spacewalk ?	2
What disease is transmitted by the Anopheles mosquito ?	2
What rum is so `` mixable '' it is a one-brand bar ?	2
How many South American countries have the letter Z in their names ?	4
What is the contents of proposition 98 ?	1
Where was George Washington born ?	3
How many people on the ground were killed from the bombing of Pan Am Flight 103 over Lockerbie , Scotland , December 21 , CD .	4
Who wrote NN DT NNP NNP '' ?	2
What is paracetamol ?	1
What are the powers and weaknesses of Green Lantern 's ring ?	1
Which mosquito 's bite draws blood , DT NN CC DT NN .	2
When was the first steel mill in the United States built ?	4
What diminutive American female gymnast stole the show at the 1984 Olympics ?	2
What is the origin of the name Katie ?	1
What schools in the Washington , DC NN NN VBP NN NN NN NN .	2
When did the Berlin Wall go up ?	4
Who is Terrence Malick ?	2
What instrument is Ray Charles best known for playing ?	2
What 's the meaning of the Latin battle cry : Ad arma , ad arma .	1
What is the mascot for Notre Dame University ?	2
What Las Vegas hotel burned in November , 1980 , with the loss of 84 lives ?	3
When did Mount St. Helen last have a significant eruption ?	4
CNN is the abbreviation for what ?	2
When did World War I start ?	4
How many feet are there in a fathom ?	4
What is a Canada two-penny black ?	1
What European city do Nicois live in ?	3
How can I find out what year a Beanie Baby was introduced ?	1
What is the classic definition of tragic hero ?	1
To what does Microsoft 's Windows 3 owe its success ?	2
Who was President of Afghanistan in 1994 ?	2
What are other ways of getting stretch marks besides pregnancy , weight loss , and weight lifting ?	2
What did brontosauruses eat ?	2
What color bottles do good Rhine wines come in ?	2
Who was the lead actress in the movie ` Sleepless in Seattle ' ?	2
Who was the 16th President of the United States ?	2
Who are the two sons of Ozzie and Harriet Nelson ?	2
What is molybdenum ?	1
When is Boxing Day ?	4
What is the lowest level of the American judiciary ?	2
When was the battle of the Somme fought ?	4
How many people did Randy Craft kill ?	4
What 's the official animal of Canada ?	2
When did Spielberg direct `` Jaws '' ?	4
What is the size of the largest akita ?	4
What animal has the biggest eyes ?	2
What is California 's capital ?	3
Who was the author of the book about computer hackers called `` The Cuckoo 's Egg : Tracking a Spy Through the Maze of Computer Espionage '' ?	2
Who was the founding member of the Pink Floyd band ?	2
What European country is home to the beer-producing city of Budweis ?	3
How do I find the balance of my social security account ?	1
What is the history of Valentine 's Day cards ?	1
Where was Christopher Columbus born ?	3
What do Italians call Florence ?	2
How do you get to the top of the Eiffel Tower ?	1
What does ` PSI ' stand for ?	2
What sea did the Romans call mare nostrum ?	3
What 's the term for a bet before cards are dealt ?	2
Which came first , according to Genesis 1 : 2 : 22 - the chicken or the egg ?	2
What city did the Flintstones live in ?	3
What is Latin for incompetent ?	2
What chemicals are used in lethal injection ?	2
What toy company is the world 's No.1 maker of female apparel ?	2
What board game does a `` wood-pusher '' play poorly ?	2
Which Doonesbury character was likely to turn into a werewolf ?	2
What is the abbreviation for micro ?	2
What are the 7 articles of the constitution ?	2
Who has won the most Super Bowls ?	2
What does NASDAQ stand for ?	2
What is BPH ?	2
What is the fastest commercial automobile that can be bought in the US ?	2
What stadium do the Miami Dolphins play their home games in ?	3
Who has the only speaking role in `` Silent Movie '' ?	2
Why is poop sometimes different colors ?	1
What was Einstein 's IQ ?	4
What day was Pearl Harbor attacked in 1942 ?	4
What girl 's name is `` Teddy '' an affectionate form of ?	2
What state is John F. Kennedy buried in ?	3
What is the best way to remove wallpaper ?	2
What U.S. state has an element named for it ?	3
What company tabulates the ballots in voting for the Academy Awards ?	2
How did the tradition of best man start ?	1
How many years ago did the ship Titanic sink ?	4
What is the deepest area of the Arctic Ocean ?	3
What are Halloween 's colors ?	2
How is silk screening done ?	1
What is the latitude and longitude of El Paso , Texas ?	4
Who made a boat out of gopher wood ?	2
Where can I find a `` Fifth Element '' screensaver ?	3
Which Bloom County resident wreaks havoc with a computer ?	2
How do you match a name to a social security number ?	1
How does a rainbow form ?	1
What is the normal resting heart rate of a healthy adult ?	4
What is the population of Ohio ?	4
How many calories are there in a Big Mac ?	4
Hazmat stands for what ?	1
What creature scares people in the film `` Jaws '' ?	2
What part did John Peter Zenger play in the deveopment of the newspaper in America ?	2
Who followed Caesar ?	2
What are the four elements ?	2
Who was the first woman golfer to earn a million ?	2
What 's the tallest piece on a chessboard ?	2
What is Answers.com 's address ?	3
Where can I buy movies on videotape online ?	3
Who does the advertizing for Frito-Lay ?	2
Who is the leading competitor of Trans Union Company ?	2
What product did Robert Conrad dare people to knock off his shoulder ?	2
Who invented the radio ?	2
What 's the American dollar equivalent for 8 pounds in the U.K. ?	4
What are the different approaches of systems analysis ?	2
How do doctors diagnose bone cancer ?	1
Who is the man behind the pig-the man who pulls the strings and speaks for Miss Piggy ?	2
What is the speed of the Mississippi River ?	4
What are the developmental stages of a swimmer ?	2
What actor first portrayed James Bond ?	2
What ocean is the largest in the world ?	3
Who was the first American poet to win the Nobel Prize for literature , in 1948 ?	2
What year did Jack Nicklaus join the Professional Golfers Association tour ?	4
How many sonnets did Shakespeare write ?	4
What causes the redness in your cheeks when you blush ?	1
Who won the Nobel Peace Prize in 1991 ?	2
Who are the Challengers of the Unknown ?	2
Define the Pheonix Club ?	1
Which city did Christian Crusaders fight to recapture from the Muslims ?	3
What does it mean `` Rupee Depreciates '' ?	1
What gaming devices were dubbed `` Mississippi marbles '' and `` Memphis dominoes '' ?	2
Who was the first coach of the Cleveland Browns ?	2
How successful is arometherapy ?	1
What Jewish holiday saw the start of the 1973 Mideast War ?	2
How does a copier work ?	1
What is the speed of the Mississippi River ?	4
Who said of Super Bowl III in 1969 : `` We 'll win- I guarantee it '' ?	2
What is Dudley Do-Right 's horse 's name ?	2
Who declared : `` I am down on whores and I shan 't stop ripping them '' ?	2
Where does chocolate come from ?	3
What TV game show once saw a contestant admit to picking his toes in the shower ?	2
What Soviet leader owned a Rolls-Royce ?	2
Where can I find a case on Individuals with Disabilities Education Act of 1991 ?	3
What war did Florence Nightingale tend the troops in ?	2
Who wrote the song , `` Stardust '' ?	2
How many Beatles ' records went #1 ?	4
Who is the only prime minister of Canada to serve 22 years but not necessarily consecutively ?	2
What is the abbreviation of the company name ` General Motors ' ?	2
What mountains lie between the Arkansas and Missouri rivers ?	3
Who received the Will Rogers Award in 1989 ?	2
What is the function of RAM ?	1
What 's the closest G2 Spectrum Yellow Dwarf to Earth ?	3
How many equal angles are there in an isosceles triangle ?	4
What is the fear of cockroaches called ?	2
What CBS soap opera was interrupted by the bulletin of John F. Kennedy 's assassination ?	2
What is the use of a 24-hour clock instead of a 12-hour clock ?	1
What was the name of the lawyer who represented Randy Craft ?	2
What United States President had dreamed that he was assassinated ?	2
What film did Lee Marvin win the 1965 best actor Oscar for ?	2
Where is Basque country located ?	3
What product does `` Mrs. Olsen '' promote ?	2
What time of day did Emperor Hirohito die ?	4
What is dry ice ?	1
What 's the most powerful card in Euchre ?	2
What does `` intractable plantar keratoma '' mean ?	1
How many years did it take James Joyce to write Ulysses ?	4
What crop failure caused the Irish Famine ?	2
What South Korean city is served by Kimpo International Airport ?	3
How many types of dogs ' tails are there - three	4
What is the longest-running television series ?	2
What predators exist on Antarctica ?	2
What is the difference between a generator and an alternator ?	1
How is energy created ?	1
What beer advertised that it had `` three rings '' ?	2
What is the quantity of American soldiers still unaccounted for from the Vietnam war ?	4
What golfing accessory was patented by George Grant on December 12	2
What are the different types of plastic ?	2
How is it correct to say ` qigong ' ?	1
What was the highest mountain on earth before Mount Everest was discovered ?	3
Where was the Ligurian Republic , 1797-185 , ?	3
What country 's people are the top television watchers ?	3
When was the women 's suffrage amendment ratified ?	4
What Polynesian people inhabit New Zealand ?	2
What movie tour of the Roman empire features the admonition : `` Row well and live '' ?	2
What Nevada center has been dubbed The Biggest Little City in the World ?	3
What President lived at 219 North Delaware Street , Independence , Missouri ?	2
Give a reason for American Indians oftentimes dropping out of school .	1
Where must a soccer goalie stand to be permitted to handle the ball ?	3
What is the difference between classical conditioning and operant conditioning ?	1
In what U.S. state was the first woman governor elected ?	3
What are some interesting facts and information about dogsledding ?	1
What year did Hitler die ?	4
What famous model was married to Billy Joel ?	2
What kind of animal is Babar ?	2
What is Jane Goodall known for ?	1
What killed Bob Marley ?	2
How much money are Dumbo 's ears insured for ?	4
Who danced into stardom with Fred Astaire in 1941 's You 'll Never Get Rich ?	2
Who is Stein Eriksen ?	2
What does the name Billie mean ?	1
Who is the fastest swimmer in the world ?	2
What is the highest peak in Africa ?	3
Where is Procter & Gamble headquartered in the U.S. ?	3
What desert has been called The Garden of Allah ?	3
What do bicornate animals have two of ?	2
What function does a community 's water tower serve ?	1
What is a fear of weakness ?	2
How many miles is it to Ohio from North Carolina ?	4
How much snow equals an inch of rain ?	4
What does G.M.T. stand for ?	2
What does Inuit and Eskimo mean ?	1
What song served as the closing theme of The Johnny Cash Show ?	2
What field sport did dentist William Beers promote and write a standard book of rules for ?	2
How do I tie dye clothes ?	1
When does the average teenager first have intercourse ?	4
Why doesn 't www.answers.com have any answers to my questions ?	1
What actor 's autobiography is titled All My Yesterdays ?	2
What Russian master spy lived in the U.S. under the name Emil Goldfus ?	2
Where 's the 19th hole on a golf course ?	3
What 's nature 's purpose for tornadoes ?	1
Who played the original Charlie 's Angels ?	2
Where can I find a person 's address from a telephone number ?	3
What English word comes from the Old French covrefeu , meaning cover fire ?	2
What musical instrument did Prewitt play in James Jones 's From Here to Eternity ?	2
Where did Sarge Steel get his metal hand ?	3
What makes popcorn pop ?	1
Who wrote The Night of the Iguana ?	2
Where does your hair grow the fastest ?	2
What country did King Gustav V reign over from 197 to 195 ?	3
Who painted Mother and Child ?	2
What is the speed of the Mississippi River ?	4
In what area of the world was the Six Day War fought ?	3
What is the brightest star visible from Earth ?	3
What film marked Robert Redford 's directorial debut ?	2
What was Mao 's second name ?	2
What film or films has Jude Law appeared in ?	2
Where do hyenas live ?	3
Who is the `` Queen Mother '' ?	2
What 's the most commonly-spoken language in Belgium ?	2
Who has more DNA - a man or a woman ?	2
What are Maid-Rites ?	1
What children 's tale contains the line : `` Come , Cinderslut , and hold this skein of wool for me '' ?	2
What level of government or governmental agency is responsible for dealing with racism ?	2
How many referees work a soccer game ?	4
What cocktail do you concoct with whisky and sweet vermouth ?	2
How do you say `` fresh '' in Spanish ?	2
What do bee hives do in cranberry bogs ?	1
What caused the Lynmouth floods ?	1
When is the Tulip Festival in Michigan ?	4
Who came up with the name , El Nino ?	2
What movie did Madilyn Kahn star in with Gene Wilder ?	2
What type of bridge is the Golden Gate Bridge ?	2
What dictator has the nickname `` El Maximo '' ?	2
What stereo manufacturer is `` Slightly ahead of its time '' ?	2
What U.S. city is The Queen of the Pacific ?	3
What TV sitcom character had the maiden name Ethel Potter ?	2
What was the first Lifesaver flavor ?	2
Who kept the most famous diary in the English language ?	2
Where can I find out the top 1 singles ?	3
How many degrees cooler is the inside of a cucumber than the air outside ?	4
What Spanish artist painted Crucifixion ?	2
What is the Jewish bible called ?	2
Why is the grass green ?	1
What is a firewall ?	1
What spy novelist served as Moscow correspondent for Reuter and The Times of London ?	2
Which oil company almost picked a word that meant `` stalled car '' in Japanese as its new international name ?	2
How long does it take for Spider-Man 's web to evaporate ?	4
Who was Randy Steven Craft 's lawyer ?	2
What was known as the Spice Island ?	3
Who was the first host of Person to Person ?	2
Name the Ranger who was always after Yogi Bear .	2
What deck of cards includes the Wheel of Fortune , the Lovers , and Death ?	2
What does the Statue of Liberty wear on her feet ?	2
Who is the superstar in rent-a-cars ?	2
McCarren Airport is located in what city ?	3
What household facility contains a float ball , ballcock , and overflow tube ?	2
What was the name of Betty Boop 's dog ?	2
What fraction of a beaver 's life is spent swimming ?	4
What was the Bridge of San Luis Rey made of ?	2
What do economists do ?	1
What country has the largest sheep population ?	3
What do I need to do to take my dog with me to live in Dominica , West Indies for a year ?	1
What country is the world 's largest importer of cognac ?	3
How many years is Johnnie Walker Black Label aged ?	4
What does SIDS stand for ?	2
What is Grenada 's main commodity export ?	2
How much would a black-and-white 1-cent stamp be worth , Thomas Jefferson on it , ?	4
What makes a clitoris sensitive ?	1
What country has the most time zones , with 11 ?	3
What `` magic '' does Mandrake employ ?	2
Who is the president of Stanford University ?	2
Whose first presidential order was : `` Let 's get this goddamn thing airborne '' ?	2
What was introduced commercially by Bayer A.G. of Leverkusen , in 1899 ?	2
What city is Logan Airport in ?	3
What is a nanometer ?	1
How many innings are there in a regulation softball game ?	4
When did CNN go on the air ?	4
What is the largest city on the Great Lakes ?	3
What is the telephone number for the University of Kentucky ?	4
Who invented baseball ?	2
How many wives did Brigham Young have ?	4
What product on the market is good for hiding facial scars ?	2
How long is the Coney Island boardwalk ?	4
What city gained renown for its pea-soup fogs ?	3
What does `` Janelle '' mean ?	1
How do I get another city 's newspaper ?	1
Name a movie about the Sioux Indians starring Kevin Costner .	2
Who was shot in the back during a Poker game in Deadwood , the Dakota territory ?	2
What are the distinct physical characterstics of the Arabian horse ?	1
What is a fear of thunder ?	2
What animal has killed the most people ?	2
How many colleges are in Wyoming ?	4
What Russian seaport has a name meaning `` Lord of the East '' ?	3
Where can stocks be traded on-line ?	3
When was the Battle of Hastings ?	4
What kind of file has the extension .dbf ?	2
When did Muhammad live ?	4
What then-derogatory term was applied to the painters Monet , Sisley , Pissarro , Renoir and Degas ?	2
What is a wop ?	1
Where do rocks come from ?	1
How do I stop background noise in a car stereo ?	1
Where do people mountain climb in Nepal ?	3
What is the best college in the country ?	2
What is viscosity ?	1
What was the name of the sitcom that Alyssa Milano starred in with Tony Danza ?	2
What are the Nordic nations ?	3
Where on the Internet can I get information about the Fifth Amendment on the American Bill of Rights ?	3
What U.S. state borders Illinois to the north ?	3
Name a film in which Jude Law acted .	2
What is the temperature for baking Peachy Oat Muffins ?	4
What is a fear of bees ?	2
What Vladimir Nabokov novel features Professor Humbert in love with a 12-year-old girl ?	2
What is a green bog ?	1
Where did the myth of Santa Claus originate ?	3
What does a chairbound basophobic fear ?	2
What city is served by Logan International Airport ?	3
What wrestling star became `` The Incredible Hulk '' ?	2
What attracts tourists to Reims ?	3
What game do Steve McQueen and Edward G. Robinson play in The Cincinnati Kid ?	2
What fastener did Whitcomb Judson patent in 1893 ?	2
What 's an auberge in France ?	1
Who was the star of the 1965 Broadway hit Golden Boy ?	2
Where is Procter & Gamble based in the U.S. ?	3
What army was founded by William Booth and his wife Catherine ?	2
What does ribavirin consist of ?	2
Name the soft drink that is `` number one in the sun . ''	2
What is the web address of the list of e-mail addresses of members of the House of Representatives ?	3
What was her real name ?	2
Why are the ears your center of balance ?	1
Who invented the toothbrush ?	2
What was the name of that popular song the Creeps sang ?	2
Where is the Abominable Snowman said to wander ?	3
What is a fear of being alone ?	2
How many dots make up the symbol for `` because '' ?	4
What do you get by adding Lactobacillus bulgaricus to milk ?	2
When reading classified ads , what does EENTY : other stand for ?	2
How many hearts does an octopus have ?	4
What plant has the largest seed ?	2
What was the only country you were allowed to drive into Israel from in 1979 ?	3
What 's approaching when a cyclist shouts : `` Oil '' ?	2
What baseball star turned down a $1 , 000-a-year contract because he felt he had n't earned it ?	2
What kind of sport is often associated with hooligans ?	2
What video game hero do some of his fans call Chomper ?	2
How many holes are there in a tenpin bowling ball ?	4
What is the longest word in the English language ?	2
In What city or state do the most gay men live in ?	3
What TV comediennes 's characters include former movie star Nora Desmond , secretary Mrs. Wiggins and a housewife named Eunice ?	2
What is `` the bear of beers '' ?	2
Name the operating system that runs on IBM-compatible machines .	2
What does the name `` Justin '' mean ?	1
What percentage of the body is muscle ?	4
What color of dry wine should be served with veal roasts and chops ?	2
What is a golf ball made of ?	2
What is the Amish religion ?	1
What does an average daycare provider get paid in New England ?	4
What was the name of the 187s Irish terrorist group in Pennsylvania mining areas ?	2
Who played the Ringo Kid in the 1939 film Stagecoach ?	2
Who died 1 feet from where John F. Kennedy did ?	2
What is the `` coppertop '' battery ?	1
What sign is The Water Carrier the zodiacal symbol for ?	2
What animals do you find in the stock market ?	2
What is color ?	1
When is the site www.questions.com going to open ?	4
What did Shostakovich write for Rostropovich ?	2
What first name was Nipsy Russell given at birth ?	2
How can I get some free technical information on Electric Vehicle ?	1
Who is the youngest of the Beatles ?	2
How did shipyard inspector James J. Kilroy designate equipment as being satisfactory ?	1
What is a Jellicle Cat ?	1
Where can I find the best free evidence for debate about Russia ?	3
What is Bill Gates of Microsoft E-mail address ?	3
What is the second hardest substance ?	2
Why did several San Diego schools stop serving apples to students ?	1
What Russian city boasts the Hermitage Museum ?	3
When is Bastille Day ?	4
What makes a tornado turn ?	1
How many shots can a stock M16 hold ?	4
What two colors are you blind to if you suffer from protanopia ?	2
Why do n't you guys have some sort of contest where you ask a question and whoever finds the answers wins a prize ?	1
Who is Coronado ?	2
What was the name of the movie that starred Sharon Stone and Arnold Schwarzenegger ?	2
What is artificial intelligence ?	1
What do flatfish eat ?	2
Who was the first Holy Roman Emperor ?	2
What can I use to remove the stubborn gummed labels from some diskettes ?	2
What day of the week sees the most fatal car accidents ?	4
What is the origin of the word , magic ?	1
What sport do you shag flies in ?	2
What is white chocolate ?	1
Where is Trinidad ?	3
Name the organization that is presided by a Security Council .	2
Who graced the airwaves with such pearls as `` Do ya lo-o-ove me ? Get naked , baby ! '' ?	2
What kind of wine is Spumante ?	2
Who portrayed portly criminologist Carl Hyatt on Checkmate ?	2
How do you say I love you in Spanish ?	2
What does the name Gina mean ?	1
What is the most advanced handheld calculator in the world ?	2
How fast is light ?	4
What is the belt of low pressure around the equator called ?	2
What are shooting stars ?	1
Whom did the Chicago Bulls beat in the 1993 championship ?	2
When was the first American encyclopedia published ?	4
What 's the tallest building in New York City ?	3
How is Easter Sunday 's date determined ?	1
What is the Motto for the State of Maryland ?	1
Who is Desmond Tutu ?	2
Where can I find information on the Narragansett Indians and other tribes in Rhode Island ?	3
Name a tiger that is extinct .	2
How many quarters equal a pound ?	4
What kind of books does Fodor 's publish ?	2
What are the first names of Rowan and Martin , the stars of TV 's Laugh-In ?	2
What chapter of the Bible has the most verses ?	4
Who is the worst US President ever ?	2
What Asian leader was known as The Little Brown Saint ?	2
What is the abbreviated expression for the National Bureau of Investigation ?	2
How fast does the fastest car go ?	4
What is the highest mountain in the world ?	3
What arch can you see from the Place de la Concorde ?	3
Who sings the song `` Drink to me with thine eyes '' by Ben Johnson ?	2
How long should a person wash their hands before they are clean ?	4
Which way do you turn your Bic to increase the flame - clockwise or counterclockwise ?	3
Which is the wealthiest country in the world ?	3
How can I find a phone number of someone if I only know their email address ?	1
How can you contact play producers and promoters on-line ?	1
Who is the monarch of the United Kingdom ?	2
What is a fear of passing high objects ?	2
What do players try to do when the music stops in a game of musical chairs ?	1
What are the top ten most common girl names in the US ?	2
Why is black the color of mourning in the West ?	1
What is the rarest coin ?	2
What Judith Rossner novel was made into a film starring Diane Keaton ?	2
Which country is Australia 's largest export market ?	3
Where is the Kentucky Horse Park located ?	3
What is a fear of parasites ?	2
In what Olympic Games did Nadia Comaneci become popular ?	2
Who does data collection in tourism ?	2
What was the name of the daughter of the Virginia chief Powhatan that married John Rolfe ?	2
What is the leading pecan and peanut growing state ?	3
What does a nihilist believe in ?	1
What did Richard Feynman say upon hearing he would receive the Nobel Prize in Physics ?	1
In what sport are these following numbers relevant : 118 , 126 , 134 , 142 , 15 , 158 , 167 , 177 , and 19 ?	2
Who were the four famous founders of United Artists ?	2
What 2 statues did France give to other countries ?	2
What are amphibians ?	1
How many sperm cells are in an average ejaculation ?	4
Name the disposable razor that `` costs about 19 cents . ''	2
How far do you have to run if you hit a home run ?	4
Who was the only U.S. President to wear a Nazi uniform ?	2
Woodrow Wilson served as president of what university ?	2
Where are the tropical rain forest distributions ?	3
What 's the nickname of oddsmaker Jimmy Snyder ?	2
What is the fear of being loved ?	2
What was the number of people that Randy Steven Craft was convicted of killing ?	4
What was Queen Victoria 's title regarding India ?	2
How is a hydrogen bomb different from a nuclear bomb ?	1
How far can a man travel in outer space ?	4
Where was Lincoln assassinated ?	3
What type of food makes you fat ?	2
What is the name of the chronic neurological autoimmune disease which attacks the protein sheath that surrounds nerve cells causing a gradual loss of movement in the body ?	2
What was the U.S. highway death toll in 1969 ?	4
What kind of animals are Dorsets , Lincolns , Oxfords and Southdowns ?	2
What are the shortest and the longest songs ever produced ?	2
What letter is to the right of K on a typewriter keyboard ?	2
What is the origin and the meaning of the name , `` Hajo ? ''	1
What is the plural of gulf ?	2
Whose autobiography is titled Yes I Can ?	2
What year did the United States pass the Copyright law ?	4
What percentage of Americans own their homes ?	4
What 's the first day of the week ?	4
What city was President William McKinley shot in ?	3
What city has the world 's longest subway system ?	3
Who claimed he killed 4 , 280 buffalo as food for the crew building the Kansas Pacific Railway ?	2
What is Bombay duck ?	1
How many degrees cooler is the inside of a cucumber than the air outside ?	4
What double talking `` professor '' holds a doctorate in Nothing ?	2
What are the five most expensive cities in the world ?	3
What 19th-century writer had a country estate on the Hudson dubbed Sunnyside ?	2
How many layers of yellow paint is a Faber Mongol pencil lucky enough to be sprayed with ?	4
What is a virtual IP address ?	1
What was the name of the cook on Rawhide ?	2
What county is Chicago in ?	3
What is the wingspan of a condor ?	4
What facial feature typically contains about 55 hairs ?	1
Who was named Admiral of the Ocean Seas and Viceroy and Governor General of all the islands he might discover , and also granted 10-?? of all profits of his voyage .	2
How can I transport files from one computer to another ?	1
What 's the literary term for a play on words ?	2
What color were their horses ?	2
What does an average daycare provider get paid in New England ?	4
What author landed a 468-pound marlin without harness in the early 193 's ?	2
How many Americans fought for the British in the American Revolution ?	4
What kind of education do I need to become a flight attendant ?	2
What are the two languages of Malta ?	2
How many oceans are there and name them ?	4
What happened during the Blackhawk Indian war of 1832 ?	1
How many pairs of legs does a lobster have ?	4
What does the Latin ante mortem mean ?	1
What does the name Shawn mean ?	1
Where is the Danube ?	3
What lawyer won the largest divorce settlement , $85 million , in U.S. history for Sheika Dena Al-Farri ?	2
What do you call a group of geese ?	2
Who delivered his last newscast on March 6 , 1981 ?	2
How many times has `` Louie , Louie '' been recorded ?	4
How is Answers.com different from KnowPost.com ?	1
What is the longest place name in the U.S. ?	3
What percent liked Thatcher after she had been in power for a decade ?	4
Where does Buzz Aldrin want to build a permanent , manned space station ?	3
What was Mel Gibson 's first movie ?	2
Why was the L.A. office of Shea and Gould closed ?	1
How do I start a bank ?	1
How do Ouija Boards work ?	1
What horse did Zorro ride ?	2
How do you get a broken cork out of a bottle ?	1
Where can I find correct tabs for Third Eye Blind songs ?	3
How do you determine heating requirements for your home ?	1
What former major-league left-handed baseball pitcher was known as `` Space Man '' ?	2
Which hair care product told us `` hate that gray , wash it away '' ?	2
Why did the chicken cross the road ?	1
What was Michelangelo 's last name ?	2
Who is Barbara Jordan ?	2
Who was the Democratic nominee in the American presidential election ?	2
What was Connecticut 's first constitution called ?	2
What historical event happened in Dogtown in 1899 ?	2
What is being done about the millennium bug ?	1
What was the claim to fame of King Camp Gillette ?	1
What is the most common kind of skin cancer in the U.S. ?	2
What is Olestra ?	1
What Asian country has a bill of rights for cows ?	3
How many fingers are used to draw a bow ?	4
What are two plants that clothes are made from ?	2
When was Hurricane Hugo ?	4
What is the most heavily caffeinated soft drink ?	2
What President-to-be was the first member of Congress to enlist following the attack on Pearl Harbor ?	2
What was the price of Varian Associates ' vacuum products division ?	4
When was `` the Great Depression '' ?	4
What language is mostly spoken in Brazil ?	2
What college produced the most winning Super Bowl quarterbacks ?	2
How do you solve `` Rubik 's Cube '' ?	1
What is prepared mustard ?	1
What classical Spanish writer warned : `` All that glitters is not gold '' ?	2
What does `` antidisestablishmentarianism '' mean ?	1
What actor married John F. Kennedy 's sister ?	2
What does a topophobic actor suffer from ?	2
Who fired Maria Ybarra from her position in San Diego council ?	2
The italian artist , Maurizio Pellegrin , is how old ?	4
What type of hunting are retrievers used for ?	2
What is Colin Powell best known for ?	1
Who was the first black golfer to tee off in the Masters ?	2
What city is the setting for Puccini 's opera La Boheme ?	3
What U.S. President showed a fondness for munching on bee pollen bars ?	2
What is measured in curies ?	1
Whose cover is that of an employee of Universal Import and Export ?	2
What former president 's daughter has written a book titled Murder in the White House ?	2
What fictional character is known as the `` melancholy Dane '' ?	2
Italy is the largest producer of what ?	2
What longtime game show host dropped dead while jogging in Central Park in 1984 ?	2
What is the meaning of W.B. Yeat 's poem , `` The Three Hermits ? ''	1
Who were the `` filthiest people alive ? ''	2
What infectious disease is the world 's deadliest ?	2
What is Spumante ?	1
In what year did Ireland elect its first woman president ?	4
What is an isthmus ?	1
What was the name of the orca that died of a fungal infection ?	2
Where is Mozambique located ?	3
What is Mississippi 's state animal ?	2
What 's the origin of the word ` news ' ?	1
What did Dan Aykroyd and John Belushi quit Saturday Night Live to become ?	2
How many months does a normal human pregnancy last ?	4
How do fuel injectors work ?	1
How can your school march in the Macy 's Thanksgiving Parade ?	1
What is the real name of disc jockey `` Wolfman Jack '' ?	2
What Italian liner was hijacked in 1985 ?	2
What city houses the U.S. headquarters of Procter and Gamble ?	3
What soap was touted as being `` for people who like people '' ?	2
How much was the minimum wage in 1991 ?	4
What does NAFTA stand for ?	2
Who invented silly putty ?	2
What new middle school was built in Philadelphia , Pennsylvania last year ?	2
Who patented the first phonograph ?	2
What are some tips for building a fire in a fireplace ?	2
What do manatees eat ?	2
How do you say 2 in Latin ?	2
What were popular songs and types of songs in the 1920s ?	2
How many Vietnamese were there in the Soviet Union ?	4
What is November 's birthstone ?	2
What is a Certified Nurse Midwife ?	1
On average , how many miles are there to the moon ?	4
Who created private detective Philip Marlowe ?	2
What Boris Pasternak book sold 5 , 0 copies to become the fiction best-seller of 1958 ?	2
What is the origin of the expression `` tout de suite '' ?	1
What is the longest English word ?	2
What is the purpose of a car bra ?	1
What is D.B. Cooper known for ?	1
Who is Colin Powell ?	2
What species is a colt ?	2
What is the full name of the PLO ?	2
What is the smallest country in Africa ?	3
Who coined the term NN cyberspace `` in his novel NN Neuromancer '' ?	2
What age followed the Bronze Age ?	2
What is her profession ?	2
What is the full name of the man who invented the multicolored game cube that has 42.3 quintillion potential combinations ?	2
What does the word LASER mean ?	2
What does the name `` Anthony '' mean ?	1
Who was Lauren Bacall 's first husband ?	2
What is a rhomboideus minor ?	1
How many hands does Bjorn Borg use when hitting his forehand ?	4
How many people died on D-Day ?	4
What U.S. Congressman said : `` Keep the faith , baby '' .	2
Who created the character of Scrooge ?	2
What is the student population at the University of Massachusetts in Amherst ?	4
Where is Windsor Castle ?	3
When did the Dow first reach ?	4
Why were people recruited for the Vietnam War ?	1
What party was Winston Churchill a member of ?	2
What American League baseball team 's worst finish between 1926 and 1964 was fourth ?	2
Where can I find the names of all the 15 Pokemon ?	3
What state does Martha Stewart live in ?	3
Which killer whale died at Sea World of a fungal infection ?	2
What are the Benelux countries ?	3
Where 's the Petrified Forest ?	3
What is a language spoken by the Sioux ?	2
Where is Tornado Alley ?	3
Who was the author of `` John Brown 's Body '' ?	2
What American poet wrote : `` Good fences make good neighbors '' ?	2
What state in the U.S. has the most blacks ?	3
Why are electric cars less efficient in the northeast than in California ?	1
What was the occupation of Mandy Rice-Davies ?	2
What is the city in which Maurizio Pellegrin lives called ?	3
Who painted the Sistine Chapel ?	2
Name the various costumed personas of Dr. Henry Pym .	2
What breed of dog was the `` Little Rascals '' dog ?	2
What are the living conditions in Cuba ?	1
What color are school buses ?	2
What is the oldest website on the Internet ?	3
What events happened January 26 , 1978 ?	2
What explorers followed Columbus to the Americas ?	2
Who is actress Goldie Hawn 's current actor boyfriend ?	2
Who banned Peter Rose from baseball for betting on games ?	2
What are the seven virtues ?	1
What other name were the `` Little Rascals '' known as ?	2
When was the San Francisco fire ?	4
What is a fear of food ?	2
How many casinos are in Atlantic City , NJ ?	4
What year did the Vietnam War end ?	4
What are the names of Richard Nixon 's two daughters ?	2
What 's the word for broken glass or sharp rocks embedded in cement on top of a wall ?	2
What is the chromosome number of an elephant ?	4
What organization was founded by the Rev. Jerry Falwell ?	2
What 's the longest river in the world ?	3
Which soft drink does Madonna advertise for ?	2
What company is being bought by Yahoo and how much is the deal worth ?	2
When was Berlin 's Brandenburg gate erected ?	4
How many double-word-score spaces are there on a Scrabble Crossword Game board ?	4
What year did Germany sign its nonaggression pact with the Soviet Union ?	4
What mountain range is traversed by the highest railroad in the world ?	3
Why were the American soldiers in WWI called `` Doughboys ''	1
Who was nicknamed The Little Corporal ?	2
How many CDs has Garth Brooks sold ?	4
Name the vessel used by the Atari Force in the DC comics .	2
Where are the leading medical groups specializing in lung diseases ?	3
How can I find online spelling , and punctuation drills for my 6th grader ?	1
What 's the sacred river of India ?	3
What is Stefan Edberg 's native country ?	3
What is the only gland in humans that can regenerate itself ?	2
How many Gutenberg Bibles are there ?	4
Name the largest country in South America .	3
What astronomical phenomenon takes place in Jan. 1999 ?	2
What information can you get me on Fairground Park in St. Louis	1
What was American folk hero John Chapman 's nickname ?	2
What is the difference between a median and a mean ?	1
What was the top box office movie in April 1998 ?	2
What makes thunder ?	1
What author did photographer Yousuf Karsh call `` the shiest man I ever met '' ?	2
Which is the largest clock , diameter wise , in Europe ?	2
What plant is rum made from ?	2
What country are Godiva chocolates from ?	3
Name the poet of the poem which begins : I do not know much about gods ; but I think that the river Is a strong brown god-sullen , and untamed ?	2
Which condiment was once sold as a patent medicine ?	2
What U.S. state records the least rainfall ?	3
Why did the world enter a global depression in 1929 ?	1
What was archy , and mehitabel ?	1
What Texas city got its name from the Spanish for `` yellow '' ?	3
What are the chemicals used in glowsticks ?	2
What country did the Nile River originate in ?	3
What color are tennis balls ?	2
What barroom judge called himself The Law West of the Pecos ?	2
What excuse did the NATO people give for hitting the Chinese embassy ?	1
Who was President of Costa Rica in 1994 ?	2
What sports event is Meyer Wolfsheim supposed to have fixed in The Great Gatsby ?	2
What country has the best defensive position in the board game Diplomacy ?	3
What two countries share the Khyber Pass ?	3
Who was chairman of the Senate select committee that tried to get to the bottom of Watergate ?	2
What is the origin of the surname of Braun ?	1
What card game has variations called Canfield , Klondike and Spider ?	2
What is Australia Day ?	1
What mammal of North America is the world 's longest-lived for its size ?	2
What was the Chivington Massacre ?	1
What actor starred in 1980 's Blue Lagoon , 1982 's The Pirate Movie and 1983 's A Night in Heaven ?	2
How many home runs did Lou Gehrig have during his career ?	4
In what city is the headquarters of Sinn Fein ?	3
Where can I find information on George Bush ?	3
Who is the voice of Miss Piggy ?	2
What is the dialogue circle in cartoons called ?	2
What does the word camaro mean , from the GM car the Camaro ?	1
Who replaced Bert Parks as the host of The Miss America Pageant ?	2
How many boys play the game in Winslow Homer 's 1872 painting Snap the Whip ?	4
What is the AIM-54C Phoenix ?	1
When are sheep shorn ?	4
What sport is Chris Jogis a top player of ?	2
What 's the second-largest island in the world ?	3
What is the definition of low island ?	1
What century does Captain Video live in ?	4
What types of water pollution are there ?	2
How many astronauts manned each Project Mercury flight ?	4
What soft drink would provide me with the biggest intake of caffeine ?	2
What 's the name of a golf course in Myrtle Beach ?	2
What are some of the significant historical events of the 1990s ?	2
Name the only extant trilogy of classical Greek plays .	2
Where is Logan Airport ?	3
What is the difference between Neoclassical art and Romanticism art ?	1
Who was the first person inducted into the U.S. Swimming Hall of Fame ?	2
What golfer has been called Ohio Fats and Blobbo ?	2
Who murdered Leno and Rosemary LaBianca on August 1	2
What is the average cost for four years of medical school ?	4
What does God create in the first sentence of the Bible ?	2
Which of the following men was not married to Rita Hayworth ?	2
What is the current ticket fare from from Cairo to Barbados ?	4
What does NN O `` mean when used as a prefix in Irish surnames ?	2
How do you find oxidation numbers ?	1
What is the state nickname of Mississippi ?	3
What is Black Hills , South Dakota most famous for ?	1
What 1966 boob tube bomb took astronauts back to prehistoric times ?	2
How many students attend the University of Massachusetts ?	4
Who said , `` I shall return . '' during World War Two ?	2
What holidays are celebrated in Ireland ?	2
Who portrayed Etta Place , companion to Butch Cassidey and the Sundance Kid ?	2
What are the Greek numerals ?	1
What 's the name of the temple that is located near the capital city of Laos ?	3
What is a fear of sleep ?	2
What auto race was Wilbur Reed the first to win three times ?	2
What are the most common breeding birds in the U.S. ?	2
What was organized as a Confederate veterans ' social club in Pulaski , in Tennessee , in 1866 ?	2
How do you look up criminal records on the Internet ?	1
Where is the actress , Marion Davies , buried ?	3
What is an example of an actual case of using the Fourteenth Amendment ?	1
Who was the Charlie perfume woman ?	2
Who portrayed `` Rosanne Rosanna-Dana '' on the television show `` Saturday Night Live '' ?	2
